Centro,Almacén,Material,N° Pallet,Lote,Fecha,Stock,UN,Bloqueado,Antiguedad_dias
P109,I93,930102055,1001504260,25C20AJAEB,20.03.25,5434,UN,,209
P109,I93,930102055,1001504517,25C20AJAEC,20.03.25,5434,UN,,209
P109,I93,930102055,1001504255,25C20AJAEA,20.03.25,5378,UN,,209
P109,I93,920100668,1001615556,25J10GJAED,10.10.25,4807,UN,,5
P109,I93,920100668,1001615848,25J09GJAEC,09.10.25,4679,UN,,6
P109,I93,920100670,1001613734,25J04GJNEB,04.10.25,4654,UN,,11
P109,I93,920100670,1001613761,25J06GJNEC,06.10.25,4522,UN,,9
P109,I93,920100669,1001614807,25J07GJPEA,07.10.25,4491,UN,,8
P109,I93,920100670,1001614216,25J07GJNEA,07.10.25,4389,UN,,8
P109,I93,930101926,1001446801,25A17FJNLA,17.01.25,4224,UN,,271
P109,I93,930101927,1001447757,25A17FJALA,17.01.25,4224,UN,,271
P109,I93,930101927,1001451181,25A17FJALA,17.01.25,4224,UN,,271
P109,I93,920100670,1001613738,25J04GJNEC,04.10.25,4180,UN,,11
P109,I93,920100670,1001614213,25J07GJNEA,07.10.25,4180,UN,,8
P109,I93,920100669,1001614246,25J07GJIEC,07.10.25,4180,UN,,8
P109,I93,920100669,1001614251,25J07GJIED,07.10.25,4180,UN,,8
P109,I93,920100669,1001614252,25J07GJIED,07.10.25,4180,UN,,8
P109,I93,920100669,1001614253,25J07GJIED,07.10.25,4180,UN,,8
P109,I93,920100669,1001614806,25J07GJPEA,07.10.25,4180,UN,,8
P109,I93,920100668,1001615552,25J10GJAEC,10.10.25,4180,UN,,5
P109,I93,920100668,1001615553,25J10GJAEC,10.10.25,4180,UN,,5
P109,I93,920100668,1001615564,25J10GJAEE,10.10.25,4180,UN,,5
P109,I93,920100668,1001615565,25J10GJAEE,10.10.25,4180,UN,,5
P109,I93,920100668,1001615591,25J11GJAEC,11.10.25,4180,UN,,4
P109,I93,920100668,1001615600,25J11GJAEE,11.10.25,4180,UN,,4
P109,I93,920100669,1001615606,25J11GJIEA,11.10.25,4180,UN,,4
P109,I93,920100669,1001615607,25J11GJIEA,11.10.25,4180,UN,,4
P109,I93,920100669,1001615609,25J11GJIEB,11.10.25,4180,UN,,4
P109,I93,920100669,1001615628,25J13GJIEB,13.10.25,4180,UN,,2
P109,I93,920100669,1001615629,25J13GJIEB,13.10.25,4180,UN,,2
P109,I93,920100669,1001615631,25J13GJIEC,13.10.25,4180,UN,,2
P109,I93,920100669,1001615632,25J13GJIEC,13.10.25,4180,UN,,2
P109,I93,920100669,1001615636,25J13GJIEC,13.10.25,4180,UN,,2
P109,I93,920100669,1001615638,25J13GJIEC,13.10.25,4180,UN,,2
P109,I93,920100668,1001615818,25J08GJAEA,08.10.25,4180,UN,,7
P109,I93,920100668,1001615819,25J08GJAEA,08.10.25,4180,UN,,7
P109,I93,920100668,1001615825,25J08GJAEB,08.10.25,4180,UN,,7
P109,I93,920100668,1001615827,25J08GJAEB,08.10.25,4180,UN,,7
P109,I93,920100668,1001615836,25J09GJAEB,09.10.25,4180,UN,,6
P109,I93,920100668,1001615847,25J09GJAEC,09.10.25,4180,UN,,6
P109,I93,920100668,1001615850,25J09GJAEC,09.10.25,4180,UN,,6
P109,I93,920100668,1001615867,25J09GJAEG,09.10.25,4180,UN,,6
P109,I93,920100668,1001615872,25J09GJAEH,09.10.25,4180,UN,,6
P109,I93,920100668,1001615873,25J09GJAEH,09.10.25,4180,UN,,6
P109,I93,920100668,1001615874,25J09GJAEH,09.10.25,4180,UN,,6
P109,I93,920100669,1001615639,25J13GJIEC,13.10.25,4162,UN,,2
P109,I93,920100668,1001615554,25J10GJAEC,10.10.25,4056,UN,,5
P109,I93,920100668,1001615868,25J09GJAEG,09.10.25,3955,UN,,6
P109,I93,920100668,1001615569,25J10GJAEF,10.10.25,3920,UN,,5
P109,I93,930101927,1001366460,24E09FJALE,09.05.24,3888,UN,,524
P109,I93,920100669,1001614254,25J07GJIED,07.10.25,3629,UN,,8
P109,I93,920100669,1001615618,25J11GJIEC,11.10.25,3517,UN,,4
P109,I93,920100669,1001615617,25J11GJIEC,11.10.25,3344,UN,,4
P109,I93,920100668,1001615593,25J11GJAED,11.10.25,3274,UN,,4
P109,I93,920100668,1001615859,25J09GJAEE,09.10.25,3227,UN,,6
P109,I93,930101926,1001458111,25A13FJNLF,13.01.25,3216,UN,,275
P109,I93,930101926,1001458112,25A13FJNLF,13.01.25,3216,UN,,275
P109,I93,930101927,1001332104,24C16FJALC,16.03.24,3215,UN,,578
P109,I93,920100669,1001614524,25J08GJIED,08.10.25,3170,UN,,7
P109,I93,930101927,1001389386,24C16FJALC,16.03.24,3120,UN,,578
P109,I93,920100669,1001615634,25J13GJIEC,13.10.25,3113,UN,,2
P109,I93,920100668,1001615837,25J09GJAEB,09.10.25,3038,UN,,6
P109,I93,920100668,1001615828,25J08GJAEB,08.10.25,2955,UN,,7
P109,I93,920100669,1001615610,25J11GJIEB,11.10.25,2891,UN,,4
P109,I93,920100669,1001614515,25J08GJIEB,08.10.25,2819,UN,,7
P109,I93,920100668,1001615546,25J10GJAEB,10.10.25,2793,UN,,5
P109,I93,930101926,1001385808,24F18FJNLD,18.06.24,2640,UN,,484
P109,I93,920100668,1001615585,25J11GJAEB,11.10.25,2605,UN,,4
P109,I93,930101926,1001337812,24C15FJNLC,15.03.24,2544,UN,,579
P109,I93,930101926,1001331207,24C15FJNLC,15.03.24,2496,UN,,579
P109,I93,920100669,1001615608,25J11GJIEA,11.10.25,2419,UN,,4
P109,I93,920100668,1001615875,25J09GJAEH,09.10.25,2372,UN,,6
P109,I93,920100668,1001615592,25J11GJAEC,11.10.25,2371,UN,,4
P109,I93,920100670,1001614113,25J06GJNEE,06.10.25,2368,UN,,9
P109,I93,920100669,1001614513,25J08GJIEB,08.10.25,2230,UN,,7
P109,I93,920100668,1001615544,25J10GJAEA,10.10.25,2212,UN,,5
P109,I93,920100668,1001615583,25J11GJAEA,11.10.25,2142,UN,,4
P109,I93,920100668,1001615576,25J10GJAEH,10.10.25,2140,UN,,5
P109,I93,930101926,1001383749,24F17FJNLB,17.06.24,2060,UN,,485
P109,I93,930101928,1001376589,24E23FJHLI,23.05.24,2016,UN,,510
P109,I93,920100668,1001615851,25J09GJAEC,09.10.25,1976,UN,,6
P109,I93,930101926,1001389327,24F17FJNLB,17.06.24,1968,UN,,485
P109,I93,930101926,1001389383,24F17FJNLB,17.06.24,1968,UN,,485
P109,I93,920100669,1001614509,25J08GJIEA,08.10.25,1944,UN,,7
P109,I93,930101926,1001403352,24G12FJNLB,12.07.24,1824,UN,,460
P109,I93,930101928,1001326830,24C13FJHLC,13.03.24,1766,UN,,581
P109,I93,920100669,1001615624,25J13GJIEA,13.10.25,1731,UN,,2
P109,I93,920100668,1001615601,25J11GJAEE,11.10.25,1672,UN,,4
P109,I93,920100668,1001615575,25J10GJAEG,10.10.25,1576,UN,,5
P109,I93,920100668,1001615863,25J09GJAEF,09.10.25,1489,UN,,6
P109,I93,930101927,1001377869,24E11FJALC,11.05.24,1392,UN,,522
P109,I93,920100669,1001615630,25J13GJIEB,13.10.25,1348,UN,,2
P109,I93,920100668,1001615566,25J10GJAEE,10.10.25,1308,UN,,5
P109,I93,920100669,1001614247,25J07GJIEC,07.10.25,1275,UN,,8
P109,I93,930101926,1001438020,25A09FJNLA,09.01.25,1152,UN,,279
P109,I93,930101928,1001379102,24E25FJHLD,25.05.24,1056,UN,,508
P109,I93,920100668,1001615856,25J09GJAED,09.10.25,1012,UN,,6
P109,I93,930101928,1001327682,24C14FJHLH,14.03.24,994,UN,,580
P109,I93,930101928,1001369865,24E13FJHLA,13.05.24,912,UN,,520
P109,I93,930101928,1001369867,24E13FJHLD,13.05.24,912,UN,,520
P109,I93,920100668,1001615832,25J09GJAEA,09.10.25,871,UN,,6
P109,I93,930101927,1001375786,24E10FJALF,10.05.24,816,UN,,523
P109,I93,930101927,1001377870,24E11FJALE,11.05.24,816,UN,,522
P109,I93,930101927,1001363304,24E08FJALD,08.05.24,768,UN,,525
P109,I93,930101928,1001377328,24E23FJHLF,23.05.24,768,UN,,510
P109,I93,920100668,1001615558,25J10GJAED,10.10.25,750,UN,,5
P109,I93,930101927,1001375784,24E10FJALA,10.05.24,720,UN,,523
P109,I93,930101927,1001375788,24E10FJALH,10.05.24,720,UN,,523
P109,I93,930101928,1001379106,24E24FJHLD,24.05.24,672,UN,,509
P109,I93,930101928,1001377919,24E13FJHLE,13.05.24,624,UN,,520
P109,I93,930101926,1001438828,25A07FJNLC,07.01.25,576,UN,,281
P109,I93,930101926,1001383745,24F17FJNLA,17.06.24,532,UN,,485
P109,I93,930101927,1001324902,24C09FJALA,09.03.24,528,UN,,585
P109,I93,930101927,1001375782,24E09FJALE,09.05.24,528,UN,,524
P109,I93,920100669,1001615611,25J11GJIEB,11.10.25,480,UN,,4
P109,I93,930102055,1001504261,25C20AJAEB,20.03.25,436,UN,,209
P109,I93,930101928,1001369862,24E14FJHLD,14.05.24,432,UN,,519
P109,I93,930101927,1001375785,24E10FJALE,10.05.24,432,UN,,523
P109,I93,930101927,1001377871,24E11FJALF,11.05.24,432,UN,,522
P109,I93,930101928,1001379107,24E24FJHLE,24.05.24,432,UN,,509
P109,I93,930101926,1001439751,25A09FJNLA,09.01.25,432,UN,,279
P109,I93,930101927,1001375780,24E09FJALA,09.05.24,384,UN,,524
P109,I93,930101928,1001379112,24E23FJHLC,23.05.24,384,UN,,510
P109,I93,930101926,1001388240,24F19FJNLB,19.06.24,384,UN,,483
P109,I93,930101928,1001369861,24E14FJHLC,14.05.24,336,UN,,519
P109,I93,930101928,1001369864,24E14FJHLG,14.05.24,336,UN,,519
P109,I93,930101926,1001389384,24F17FJNLA,17.06.24,336,UN,,485
P109,I93,930101928,1001369863,24E14FJHLF,14.05.24,288,UN,,519
P109,I93,930101927,1001375781,24E09FJALC,09.05.24,288,UN,,524
P109,I93,930101927,1001377333,24E06FJALB,06.05.24,288,UN,,527
P109,I93,930101928,1001379103,24E25FJHLE,25.05.24,288,UN,,508
P109,I93,930101927,1001378453,24E09FJALB,09.05.24,276,UN,,524
P109,I93,930101927,1001375789,24E10FJALG,10.05.24,240,UN,,523
P109,I93,930101928,1001379109,24E24FJHLC,24.05.24,240,UN,,509
P109,I93,930101928,1001379110,24E24FJHLB,24.05.24,192,UN,,509
P109,I93,930101928,1001379114,24E23FJHLE,23.05.24,192,UN,,510
P109,I93,930101926,1001388243,24F19FJNLF,19.06.24,192,UN,,483
P109,I93,930101928,1001369860,24E14FJHLB,14.05.24,144,UN,,519
P109,I93,930101927,1001377334,24E06FJALC,06.05.24,144,UN,,527
P109,I93,930101927,1001377335,24E06FJALD,06.05.24,144,UN,,527
P109,I93,930101927,1001377872,24E11FJALB,11.05.24,144,UN,,522
P109,I93,930101927,1001377873,24E11FJALA,11.05.24,144,UN,,522
P109,I93,930101927,1001377876,24E11FJALD,11.05.24,144,UN,,522
P109,I93,930101928,1001377918,24E13FJHLB,13.05.24,144,UN,,520
P109,I93,930101927,1001378460,24E10FJALH,10.05.24,144,UN,,523
P109,I93,930101928,1001379111,24E24FJHLA,24.05.24,144,UN,,509
P109,I93,930101926,1001388241,24F19FJNLC,19.06.24,144,UN,,483
P109,I93,930101926,1001388242,24F19FJNLD,19.06.24,144,UN,,483
P109,I93,930101926,1001388262,24F25FJNLA,25.06.24,144,UN,,477
P109,I93,930101926,1001388266,24F25FJNLF,25.06.24,144,UN,,477
P109,I93,930101926,1001438048,25A09FJNLG,09.01.25,126,UN,,279
P109,I93,930101927,1001378458,24E07FJALF,07.05.24,122,UN,,526
P109,I93,930101928,1001453282,25A27FJHLF,27.01.25,99,UN,,261
P109,I93,930101927,1001375790,24E10FJALC,10.05.24,96,UN,,523
P109,I93,930101928,1001377907,24E13FJHLA,13.05.24,96,UN,,520
P109,I93,930101927,1001378464,24E06FJALB,06.05.24,96,UN,,527
P109,I93,930101928,1001379104,24E25FJHLA,25.05.24,96,UN,,508
P109,I93,930101928,1001379105,24E25FJHLC,25.05.24,96,UN,,508
P109,I93,930101926,1001388246,24F21FJNLA,21.06.24,96,UN,,481
P109,I93,930101926,1001388247,24F21FJNLC,21.06.24,96,UN,,481
P109,I93,930101926,1001388264,24F25FJNLD,25.06.24,96,UN,,477
P109,I93,930101927,1001382078,24E11FJALC,11.05.24,69,UN,,522
P109,I93,930101928,1001381436,24E14FJHLB,14.05.24,64,UN,,519
P109,I93,930101927,1001378456,24E09FJALA,09.05.24,60,UN,,524
P109,I93,930101928,1001377920,24E13FJHLD,13.05.24,48,UN,,520
P109,I93,930101927,1001378448,24E08FJALA,08.05.24,48,UN,,525
P109,I93,930101927,1001378461,24E10FJALD,10.05.24,48,UN,,523
P109,I93,930101927,1001378462,24E10FJALF,10.05.24,48,UN,,523
P109,I93,930101927,1001378463,24E10FJALE,10.05.24,48,UN,,523
P109,I93,930101928,1001379116,24E23FJHLH,23.05.24,48,UN,,510
P109,I93,930101928,1001379117,24E23FJHLD,23.05.24,48,UN,,510
P109,I93,930101928,1001379118,24E22FJHLA,22.05.24,48,UN,,511
P109,I93,930101928,1001381428,24E13FJHLA,13.05.24,48,UN,,520
P109,I93,930101928,1001381432,24E24FJHLF,24.05.24,48,UN,,509
P109,I93,930101927,1001382104,24E11FJALF,11.05.24,48,UN,,522
P109,I93,930101926,1001388248,24F24FJNLB,24.06.24,48,UN,,478
P109,I93,930101926,1001388249,24F24FJNLC,24.06.24,48,UN,,478
P109,I93,930101926,1001388265,24F25FJNLC,25.06.24,48,UN,,477
P109,I93,930101928,1001394942,24E13FJHLD,13.05.24,48,UN,,520
P109,I93,930101927,1001403353,24E09FJALA,09.05.24,48,UN,,524
P109,I93,930101926,1001403377,24F21FJNLA,21.06.24,48,UN,,481
P109,I93,930101926,1001403378,24F18FJNLC,18.06.24,48,UN,,484
P109,I93,930101926,1001403379,24F19FJNLC,19.06.24,48,UN,,483
P109,I93,930101926,1001403380,24F19FJNLD,19.06.24,48,UN,,483
P109,I93,930101926,1001403381,24F24FJNLD,24.06.24,48,UN,,478
P109,I93,930101927,1001403393,24E11FJALF,11.05.24,48,UN,,522
P109,I93,930101927,1001403417,24E11FJALC,11.05.24,48,UN,,522
P109,I93,930102055,1001512069,25C26AJAEB,26.03.25,36,UN,,203
P109,I93,930102055,1001522120,25D03AJAEA,03.04.25,36,UN,,195
P109,I93,930102055,1001522444,25D04AJAEA,04.04.25,36,UN,,194
P109,I93,920100669,1001615640,25J13GJIEC,13.10.25,36,UN,,2
P109,I93,930101928,1001381437,24E25FJHLC,25.05.24,32,UN,,508
P109,I93,930102055,1001487501,25C04AJAEB,04.03.25,30,UN,,225
P109,I93,930102055,1001492150,25C07AJAEA,07.03.25,30,UN,,222
P109,I93,930102055,1001499395,25C14AJAEA,14.03.25,30,UN,,215
P109,I93,930102055,1001500857,25C15AJAEA,15.03.25,30,UN,,214
P109,I93,930102055,1001502335,25C17AJAED,17.03.25,30,UN,,212
P109,I93,930102055,1001504252,25C19AJAEC,19.03.25,30,UN,,210
P109,I93,930102055,1001504521,25C20AJAEC,20.03.25,30,UN,,209
P109,I93,930102055,1001504558,25C20AJAEE,20.03.25,30,UN,,209
P109,I93,930102055,1001512066,25C26AJAEA,26.03.25,30,UN,,203
P109,I93,930102055,1001545734,25D01AJAEA,01.04.25,30,UN,,197
P109,I93,920100670,1001614115,25J06GJNEE,06.10.25,30,UN,,9
P109,I93,920100670,1001614218,25J07GJNEA,07.10.25,30,UN,,8
P109,I93,930101928,1001381431,24E25FJHLD,25.05.24,28,UN,,508
P109,I93,930102055,1001492121,25C06AJAEB,06.03.25,27,UN,,223
P109,I93,930101928,1001381433,24E23FJHLE,23.05.24,24,UN,,510
P109,I93,930101928,1001381434,24E25FJHLE,25.05.24,24,UN,,508
P109,I93,930102055,1001502344,25C18AJAEA,18.03.25,24,UN,,211
P109,I93,930102055,1001503380,25C19AJAEA,19.03.25,24,UN,,210
P109,I93,930102055,1001519489,25D02AJAEC,02.04.25,24,UN,,196
P109,I93,930102055,1001522141,25D03AJAED,03.04.25,24,UN,,195
P109,I93,930102055,1001522153,25D03AJAEE,03.04.25,24,UN,,195
P109,I93,930102055,1001522431,25D04AJAEC,04.04.25,24,UN,,194
P109,I93,930102055,1001522454,25D04AJAEB,04.04.25,24,UN,,194
P109,I93,930102055,1001525976,25D05AJAEB,05.04.25,24,UN,,193
P109,I93,930102055,1001545904,25D02AJAEB,02.04.25,24,UN,,196
P109,I93,920100670,1001613714,25J03GJNEA,03.10.25,24,UN,,12
P109,I93,920100670,1001613726,25J03GJNEE,03.10.25,24,UN,,12
P109,I93,920100670,1001613756,25J06GJNEB,06.10.25,24,UN,,9
P109,I93,920100669,1001614229,25J07GJIEB,07.10.25,24,UN,,8
P109,I93,920100670,1001614506,25J06GJNEC,06.10.25,24,UN,,9
P109,I93,920100668,1001615829,25J08GJAEB,08.10.25,24,UN,,7
P109,I93,920100668,1001615852,25J09GJAEC,09.10.25,24,UN,,6
P109,I93,920100668,1001615876,25J09GJAEH,09.10.25,24,UN,,6
P109,I93,930101927,1001378467,24E07FJALF,07.05.24,22,UN,,526
P109,I93,930101927,1001361531,24E06FJALC,06.05.24,21,UN,,527
P109,I93,930101926,1001383766,24F18FJNLA,18.06.24,21,UN,,484
P109,I93,930101926,1001476483,25B06FJNLA,06.02.25,21,UN,,251
P109,I93,930102055,1001512082,25C26AJAED,26.03.25,21,UN,,203
P109,I93,920100668,1001615555,25J10GJAEC,10.10.25,21,UN,,5
P109,I93,920100668,1001615568,25J10GJAEE,10.10.25,21,UN,,5
P109,I93,920100668,1001615841,25J09GJAEB,09.10.25,21,UN,,6
P109,I93,930101927,1001361723,24E07FJALB,07.05.24,20,UN,,526
P109,I93,930101928,1001381430,24E13FJHLA,13.05.24,20,UN,,520
P109,I93,930102055,1001516662,25C31AJAED,31.03.25,20,UN,,198
P109,I93,930101928,1001476350,25B01FJHLB,01.02.25,19,UN,,256
P109,I93,930101926,1001380061,24F01FJNLA,01.06.24,18,UN,,501
P109,I93,930101928,1001476449,25B05FJHLA,05.02.25,18,UN,,252
P109,I93,930101926,1001476511,25B07FJNLB,07.02.25,18,UN,,250
P109,I93,930102055,1001487509,25C04AJAED,04.03.25,18,UN,,225
P109,I93,930102055,1001492131,25C06AJAED,06.03.25,18,UN,,223
P109,I93,930102055,1001499457,25C14AJAED,14.03.25,18,UN,,215
P109,I93,930102055,1001500889,25C15AJAEC,15.03.25,18,UN,,214
P109,I93,930102055,1001502322,25C15AJAEB,15.03.25,18,UN,,214
P109,I93,930102055,1001502328,25C17AJAEC,17.03.25,18,UN,,212
P109,I93,930102055,1001503360,25C18AJAEC,18.03.25,18,UN,,211
P109,I93,930102055,1001503372,25C18AJAEE,18.03.25,18,UN,,211
P109,I93,930102055,1001503752,25C19AJAEB,19.03.25,18,UN,,210
P109,I93,930102055,1001505695,25C21AJAED,21.03.25,18,UN,,208
P109,I93,930102055,1001505699,25C21AJAEE,21.03.25,18,UN,,208
P109,I93,930102055,1001507751,25C21AJAEG,21.03.25,18,UN,,208
P109,I93,930102055,1001516097,25C29AJAEE,29.03.25,18,UN,,200
P109,I93,930102055,1001516674,25C31AJAEE,31.03.25,18,UN,,198
P109,I93,930102055,1001524255,25D05AJAEE,05.04.25,18,UN,,193
P109,I93,930102055,1001524267,25D07AJAEA,07.04.25,18,UN,,191
P109,I93,930102055,1001524329,25D07AJAEC,07.04.25,18,UN,,191
P109,I93,930102055,1001525660,25D08AJAEA,08.04.25,18,UN,,190
P109,I93,930102055,1001525665,25D07AJAEE,07.04.25,18,UN,,191
P109,I93,930102055,1001545781,25D01AJAEB,01.04.25,18,UN,,197
P109,I93,920100670,1001613731,25J04GJNEA,04.10.25,18,UN,,11
P109,I93,920100669,1001614255,25J07GJIED,07.10.25,18,UN,,8
P109,I93,920100668,1001615594,25J11GJAEC,11.10.25,18,UN,,4
P109,I93,920100668,1001615821,25J08GJAEA,08.10.25,18,UN,,7
P109,I93,930101927,1001382120,24E06FJALD,06.05.24,15,UN,,527
P109,I93,930101926,1001435721,25A06FJNLC,06.01.25,15,UN,,282
P109,I93,930102055,1001487392,25C03AJAEE,03.03.25,15,UN,,226
P109,I93,920100669,1001614516,25J08GJIEB,08.10.25,15,UN,,7
P109,I93,920100668,1001615869,25J09GJAEG,09.10.25,15,UN,,6
P109,I93,930101926,1001435839,25A07FJNLB,07.01.25,14,UN,,281
P109,I93,930101927,1001324186,24C08FJALD,08.03.24,12,UN,,586
P109,I93,930101926,1001326451,24C12FJNLF,12.03.24,12,UN,,582
P109,I93,930101926,1001331209,24C15FJNLC,15.03.24,12,UN,,579
P109,I93,930101926,1001391395,24G12FJNLE,12.07.24,12,UN,,460
P109,I93,930101926,1001435815,25A06FJNLA,06.01.25,12,UN,,282
P109,I93,930101928,1001476392,25B03FJHLC,03.02.25,12,UN,,254
P109,I93,930101928,1001476413,25B04FJHLA,04.02.25,12,UN,,253
P109,I93,930101928,1001476433,25B04FJHLD,04.02.25,12,UN,,253
P109,I93,930101928,1001476438,25B04FJHLE,04.02.25,12,UN,,253
P109,I93,930101926,1001476490,25B06FJNLC,06.02.25,12,UN,,251
P109,I93,930101926,1001476494,25B06FJNLD,06.02.25,12,UN,,251
P109,I93,930101926,1001476526,25B07FJNLE,07.02.25,12,UN,,250
P109,I93,930102055,1001487363,25C03AJAEB,03.03.25,12,UN,,226
P109,I93,930102055,1001487369,25C03AJAEC,03.03.25,12,UN,,226
P109,I93,930102055,1001487401,25C03AJAEG,03.03.25,12,UN,,226
P109,I93,930102055,1001487504,25C04AJAEC,04.03.25,12,UN,,225
P109,I93,930102055,1001487513,25C04AJAEE,04.03.25,12,UN,,225
P109,I93,930102055,1001487517,25C04AJAEF,04.03.25,12,UN,,225
P109,I93,930102055,1001492139,25C06AJAEE,06.03.25,12,UN,,223
P109,I93,930102055,1001492144,25C06AJAEF,06.03.25,12,UN,,223
P109,I93,930102055,1001492156,25C07AJAEB,07.03.25,12,UN,,222
P109,I93,930102055,1001492160,25C07AJAEC,07.03.25,12,UN,,222
P109,I93,930102055,1001492228,25C07AJAED,07.03.25,12,UN,,222
P109,I93,930102055,1001492235,25C07AJAEE,07.03.25,12,UN,,222
P109,I93,930102055,1001499426,25C14AJAEC,14.03.25,12,UN,,215
P109,I93,930102055,1001499506,25C14AJAEE,14.03.25,12,UN,,215
P109,I93,930102055,1001500899,25C17AJAEA,17.03.25,12,UN,,212
P109,I93,930102055,1001502350,25C18AJAEB,18.03.25,12,UN,,211
P109,I93,930102055,1001503366,25C18AJAED,18.03.25,12,UN,,211
P109,I93,930102055,1001504256,25C20AJAEA,20.03.25,12,UN,,209
P109,I93,930102055,1001505691,25C21AJAEC,21.03.25,12,UN,,208
P109,I93,930102055,1001505703,25C21AJAEF,21.03.25,12,UN,,208
P109,I93,930102055,1001507695,25C20AJAEB,20.03.25,12,UN,,209
P109,I93,930102055,1001515744,25C31AJAEA,31.03.25,12,UN,,198
P109,I93,930102055,1001515908,25C29AJAEB,29.03.25,12,UN,,200
P109,I93,930102055,1001516029,25C29AJAEC,29.03.25,12,UN,,200
P109,I93,930102055,1001516051,25C29AJAED,29.03.25,12,UN,,200
P109,I93,930102055,1001524275,25D07AJAEB,07.04.25,12,UN,,191
P109,I93,930102055,1001525669,25D07AJAED,07.04.25,12,UN,,191
P109,I93,930102055,1001525971,25D05AJAEC,05.04.25,12,UN,,193
P109,I93,930102055,1001525979,25D05AJAEA,05.04.25,12,UN,,193
P109,I93,930102055,1001545868,25D01AJAEC,01.04.25,12,UN,,197
P109,I93,930102055,1001545872,25D01AJAED,01.04.25,12,UN,,197
P109,I93,930102055,1001545902,25D02AJAEA,02.04.25,12,UN,,196
P109,I93,920100670,1001613745,25J04GJNED,04.10.25,12,UN,,11
P109,I93,920100670,1001614107,25J06GJNED,06.10.25,12,UN,,9
P109,I93,920100669,1001614521,25J08GJIEC,08.10.25,12,UN,,7
P109,I93,920100668,1001615578,25J10GJAEH,10.10.25,12,UN,,5
P109,I93,920100669,1001615614,25J11GJIEB,11.10.25,12,UN,,4
P109,I93,920100669,1001615619,25J11GJIEC,11.10.25,12,UN,,4
P109,I93,920100669,1001615633,25J13GJIEB,13.10.25,12,UN,,2
P109,I93,930101927,1001361538,24E06FJALB,06.05.24,11,UN,,527
P109,I93,930101927,1001362807,24E08FJALB,08.05.24,11,UN,,525
P109,I93,920100669,1001614249,25J07GJIEC,07.10.25,11,UN,,8
P109,I93,920100669,1001614256,25J07GJIED,07.10.25,11,UN,,8
P109,I93,920100669,1001614511,25J08GJIEA,08.10.25,11,UN,,7
P109,I93,920100669,1001614517,25J08GJIEB,08.10.25,11,UN,,7
P109,I93,920100669,1001614522,25J08GJIEC,08.10.25,11,UN,,7
P109,I93,920100669,1001614526,25J08GJIED,08.10.25,11,UN,,7
P109,I93,920100669,1001615613,25J11GJIEA,11.10.25,11,UN,,4
P109,I93,920100669,1001615616,25J11GJIEB,11.10.25,11,UN,,4
P109,I93,920100669,1001615620,25J11GJIEC,11.10.25,11,UN,,4
P109,I93,920100669,1001615626,25J13GJIEA,13.10.25,11,UN,,2
P109,I93,920100669,1001615635,25J13GJIEB,13.10.25,11,UN,,2
P109,I93,930101927,1001324907,24C09FJALB,09.03.24,10,UN,,585
P109,I93,930101927,1001362759,24E08FJALA,08.05.24,10,UN,,525
P109,I93,930101928,1001476364,25B01FJHLD,01.02.25,10,UN,,256
P109,I93,930101926,1001476558,25B08FJNLD,08.02.25,10,UN,,249
P109,I93,930102055,1001516664,25C31AJAEB,31.03.25,10,UN,,198
P109,I93,930101927,1001324941,24C09FJALG,09.03.24,9,UN,,585
P109,I93,930101926,1001327754,24C15FJNLA,15.03.24,9,UN,,579
P109,I93,930101926,1001380067,24F01FJNLB,01.06.24,9,UN,,501
P109,I93,930101926,1001383755,24F17FJNLC,17.06.24,9,UN,,485
P109,I93,930101926,1001391389,24G12FJNLC,12.07.24,9,UN,,460
P109,I93,930101928,1001476375,25B01FJHLE,01.02.25,9,UN,,256
P109,I93,930101928,1001476379,25B03FJHLA,03.02.25,9,UN,,254
P109,I93,930101928,1001476409,25B03FJHLF,03.02.25,9,UN,,254
P109,I93,930101928,1001476420,25B04FJHLB,04.02.25,9,UN,,253
P109,I93,930101928,1001476444,25B04FJHLF,04.02.25,9,UN,,253
P109,I93,930101926,1001476473,25B05FJNLC,05.02.25,9,UN,,252
P109,I93,930101926,1001476479,25B05FJNLD,05.02.25,9,UN,,252
P109,I93,930101926,1001476500,25B06FJNLE,06.02.25,9,UN,,251
P109,I93,930101926,1001476516,25B07FJNLC,07.02.25,9,UN,,250
P109,I93,930101926,1001476522,25B07FJNLD,07.02.25,9,UN,,250
P109,I93,930101926,1001476542,25B08FJNLA,08.02.25,9,UN,,249
P109,I93,930102055,1001505679,25C21AJAEA,21.03.25,9,UN,,208
P109,I93,920100669,1001614222,25J07GJIEA,07.10.25,9,UN,,8
P109,I93,920100669,1001614510,25J08GJIEA,08.10.25,9,UN,,7
P109,I93,920100669,1001614808,25J07GJPEA,07.10.25,9,UN,,8
P109,I93,920100668,1001615560,25J10GJAED,10.10.25,9,UN,,5
P109,I93,920100668,1001615587,25J11GJAEB,11.10.25,9,UN,,4
P109,I93,920100669,1001615612,25J11GJIEA,11.10.25,9,UN,,4
P109,I93,930101927,1001324163,24C08FJALA,08.03.24,8,UN,,586
P109,I93,930101927,1001324171,24C08FJALB,08.03.24,8,UN,,586
P109,I93,930101927,1001324178,24C08FJALC,08.03.24,8,UN,,586
P109,I93,930101927,1001324187,24C08FJALD,08.03.24,8,UN,,586
P109,I93,930101927,1001324900,24C09FJALA,09.03.24,8,UN,,585
P109,I93,930101927,1001324908,24C09FJALB,09.03.24,8,UN,,585
P109,I93,930101927,1001324920,24C09FJALC,09.03.24,8,UN,,585
P109,I93,930101927,1001324926,24C09FJALD,09.03.24,8,UN,,585
P109,I93,930101927,1001324930,24C09FJALE,09.03.24,8,UN,,585
P109,I93,930101927,1001324935,24C09FJALF,09.03.24,8,UN,,585
P109,I93,930101927,1001324942,24C09FJALG,09.03.24,8,UN,,585
P109,I93,930101927,1001325700,24C11FJALF,11.03.24,8,UN,,583
P109,I93,930101927,1001325703,24C11FJALB,11.03.24,8,UN,,583
P109,I93,930101927,1001325706,24C11FJALC,11.03.24,8,UN,,583
P109,I93,930101927,1001325708,24C11FJALC,11.03.24,8,UN,,583
P109,I93,930101927,1001325715,24C11FJALD,11.03.24,8,UN,,583
P109,I93,930101927,1001325721,24C11FJALE,11.03.24,8,UN,,583
P109,I93,930101927,1001326360,24C12FJALA,12.03.24,8,UN,,582
P109,I93,930101926,1001326366,24C12FJNLC,12.03.24,8,UN,,582
P109,I93,930101926,1001326428,24C12FJNLA,12.03.24,8,UN,,582
P109,I93,930101926,1001326434,24C12FJNLB,12.03.24,8,UN,,582
P109,I93,930101926,1001326439,24C12FJNLD,12.03.24,8,UN,,582
P109,I93,930101926,1001326445,24C12FJNLE,12.03.24,8,UN,,582
P109,I93,930101926,1001326452,24C12FJNLF,12.03.24,8,UN,,582
P109,I93,930101928,1001326813,24C13FJHLA,13.03.24,8,UN,,581
P109,I93,930101928,1001326818,24C13FJHLB,13.03.24,8,UN,,581
P109,I93,930101928,1001326819,24C13FJHLB,13.03.24,8,UN,,581
P109,I93,930101928,1001326827,24C13FJHLC,13.03.24,8,UN,,581
P109,I93,930101928,1001326832,24C13FJHLD,13.03.24,8,UN,,581
P109,I93,930101928,1001326837,24C13FJHLE,13.03.24,8,UN,,581
P109,I93,930101928,1001326843,24C13FJHLF,13.03.24,8,UN,,581
P109,I93,930101928,1001326849,24C13FJHLG,13.03.24,8,UN,,581
P109,I93,930101928,1001326854,24C13FJHLH,13.03.24,8,UN,,581
P109,I93,930101928,1001326855,24C13FJHLH,13.03.24,8,UN,,581
P109,I93,930101928,1001326862,24C13FJHLI,13.03.24,8,UN,,581
P109,I93,930101926,1001326869,24C13FJNLA,13.03.24,8,UN,,581
P109,I93,930101928,1001327301,24C14FJHLA,14.03.24,8,UN,,580
P109,I93,930101928,1001327307,24C14FJHLB,14.03.24,8,UN,,580
P109,I93,930101928,1001327312,24C14FJHLC,14.03.24,8,UN,,580
P109,I93,930101928,1001327336,24C14FJHLD,14.03.24,8,UN,,580
P109,I93,930101928,1001327343,24C14FJHLE,14.03.24,8,UN,,580
P109,I93,930101928,1001327355,24C14FJHLF,14.03.24,8,UN,,580
P109,I93,930101928,1001327656,24C14FJHLG,14.03.24,8,UN,,580
P109,I93,930101928,1001327687,24C14FJHLI,14.03.24,8,UN,,580
P109,I93,930101928,1001327694,24C14FJHLJ,14.03.24,8,UN,,580
P109,I93,930101928,1001327697,24C14FJHLK,14.03.24,8,UN,,580
P109,I93,930101928,1001327723,24C15FJHLA,15.03.24,8,UN,,579
P109,I93,930101928,1001327728,24C15FJHLB,15.03.24,8,UN,,579
P109,I93,930101928,1001327733,24C15FJHLC,15.03.24,8,UN,,579
P109,I93,930101928,1001327734,24C15FJHLC,15.03.24,8,UN,,579
P109,I93,930101928,1001327748,24C15FJHLD,15.03.24,8,UN,,579
P109,I93,930101926,1001331210,24C15FJNLC,15.03.24,8,UN,,579
P109,I93,930101927,1001331289,24C11FJALA,11.03.24,8,UN,,583
P109,I93,930101926,1001331641,24C15FJNLD,15.03.24,8,UN,,579
P109,I93,930101926,1001332071,24C16FJNLA,16.03.24,8,UN,,578
P109,I93,930101926,1001332077,24C16FJNLB,16.03.24,8,UN,,578
P109,I93,930101926,1001332084,24C16FJNLC,16.03.24,8,UN,,578
P109,I93,930101926,1001332088,24C16FJNLD,16.03.24,8,UN,,578
P109,I93,930101926,1001332092,24C16FJNLE,16.03.24,8,UN,,578
P109,I93,930101927,1001332096,24C16FJALA,16.03.24,8,UN,,578
P109,I93,930101927,1001332099,24C16FJALB,16.03.24,8,UN,,578
P109,I93,930101927,1001332106,24C16FJALC,16.03.24,8,UN,,578
P109,I93,930101926,1001334265,24C15FJNLA,15.03.24,8,UN,,579
P109,I93,930101926,1001334276,24C15FJNLB,15.03.24,8,UN,,579
P109,I93,930101927,1001360142,24E06FJALA,06.05.24,8,UN,,527
P109,I93,930101927,1001361510,24E07FJALA,07.05.24,8,UN,,526
P109,I93,930101927,1001361527,24E06FJALD,06.05.24,8,UN,,527
P109,I93,930101927,1001361532,24E06FJALC,06.05.24,8,UN,,527
P109,I93,930101927,1001361539,24E06FJALB,06.05.24,8,UN,,527
P109,I93,930101927,1001361724,24E07FJALB,07.05.24,8,UN,,526
P109,I93,930101927,1001361823,24E07FJALC,07.05.24,8,UN,,526
P109,I93,930101927,1001362150,24E07FJALD,07.05.24,8,UN,,526
P109,I93,930101927,1001362760,24E08FJALA,08.05.24,8,UN,,525
P109,I93,930101927,1001362808,24E08FJALB,08.05.24,8,UN,,525
P109,I93,930101927,1001363302,24E08FJALE,08.05.24,8,UN,,525
P109,I93,930101927,1001364977,24E09FJALD,09.05.24,8,UN,,524
P109,I93,930101926,1001380062,24F01FJNLA,01.06.24,8,UN,,501
P109,I93,930101926,1001380068,24F01FJNLB,01.06.24,8,UN,,501
P109,I93,930101927,1001382105,24E08FJALF,08.05.24,8,UN,,525
P109,I93,930101926,1001383747,24F17FJNLA,17.06.24,8,UN,,485
P109,I93,930101926,1001383750,24F17FJNLB,17.06.24,8,UN,,485
P109,I93,930101926,1001383754,24F17FJNLC,17.06.24,8,UN,,485
P109,I93,930101926,1001383767,24F18FJNLA,18.06.24,8,UN,,484
P109,I93,930101926,1001383930,24F19FJNLE,19.06.24,8,UN,,483
P109,I93,930101926,1001391387,24G11FJNLA,11.07.24,8,UN,,461
P109,I93,930101926,1001391390,24G12FJNLC,12.07.24,8,UN,,460
P109,I93,930101926,1001391393,24G12FJNLD,12.07.24,8,UN,,460
P109,I93,930101926,1001391396,24G12FJNLE,12.07.24,8,UN,,460
P109,I93,930101928,1001476347,25B01FJHLA,01.02.25,8,UN,,256
P109,I93,930101928,1001476354,25B01FJHLB,01.02.25,8,UN,,256
P109,I93,930101928,1001476369,25B01FJHLD,01.02.25,8,UN,,256
P109,I93,930101928,1001476377,25B01FJHLE,01.02.25,8,UN,,256
P109,I93,930101928,1001476382,25B03FJHLA,03.02.25,8,UN,,254
P109,I93,930101928,1001476387,25B03FJHLB,03.02.25,8,UN,,254
P109,I93,930101928,1001476394,25B03FJHLC,03.02.25,8,UN,,254
P109,I93,930101928,1001476397,25B03FJHLD,03.02.25,8,UN,,254
P109,I93,930101928,1001476401,25B03FJHLD,03.02.25,8,UN,,254
P109,I93,930101928,1001476407,25B03FJHLE,03.02.25,8,UN,,254
P109,I93,930101928,1001476411,25B03FJHLF,03.02.25,8,UN,,254
P109,I93,930101928,1001476417,25B04FJHLA,04.02.25,8,UN,,253
P109,I93,930101928,1001476422,25B04FJHLB,04.02.25,8,UN,,253
P109,I93,930101928,1001476429,25B04FJHLC,04.02.25,8,UN,,253
P109,I93,930101928,1001476435,25B04FJHLD,04.02.25,8,UN,,253
P109,I93,930101928,1001476440,25B04FJHLE,04.02.25,8,UN,,253
P109,I93,930101928,1001476447,25B04FJHLF,04.02.25,8,UN,,253
P109,I93,930101928,1001476451,25B05FJHLA,05.02.25,8,UN,,252
P109,I93,930101928,1001476457,25B05FJHLB,05.02.25,8,UN,,252
P109,I93,930101926,1001476460,25B05FJNLA,05.02.25,8,UN,,252
P109,I93,930101926,1001476468,25B05FJNLB,05.02.25,8,UN,,252
P109,I93,930101926,1001476477,25B05FJNLC,05.02.25,8,UN,,252
P109,I93,930101926,1001476481,25B05FJNLD,05.02.25,8,UN,,252
P109,I93,930101926,1001476485,25B06FJNLA,06.02.25,8,UN,,251
P109,I93,930101926,1001476488,25B06FJNLB,06.02.25,8,UN,,251
P109,I93,930101926,1001476492,25B06FJNLC,06.02.25,8,UN,,251
P109,I93,930101926,1001476496,25B06FJNLD,06.02.25,8,UN,,251
P109,I93,930101926,1001476502,25B06FJNLE,06.02.25,8,UN,,251
P109,I93,930101926,1001476508,25B07FJNLA,07.02.25,8,UN,,250
P109,I93,930101926,1001476514,25B07FJNLB,07.02.25,8,UN,,250
P109,I93,930101926,1001476519,25B07FJNLC,07.02.25,8,UN,,250
P109,I93,930101926,1001476524,25B07FJNLD,07.02.25,8,UN,,250
P109,I93,930101926,1001476528,25B07FJNLE,07.02.25,8,UN,,250
P109,I93,930101926,1001476533,25B07FJNLF,07.02.25,8,UN,,250
P109,I93,930101926,1001476537,25B07FJNLG,07.02.25,8,UN,,250
P109,I93,930101926,1001476539,25B07FJNLG,07.02.25,8,UN,,250
P109,I93,930101926,1001476544,25B08FJNLA,08.02.25,8,UN,,249
P109,I93,930101926,1001476549,25B08FJNLB,08.02.25,8,UN,,249
P109,I93,930101926,1001476555,25B08FJNLC,08.02.25,8,UN,,249
P109,I93,930101926,1001476561,25B08FJNLD,08.02.25,8,UN,,249
P109,I93,930102055,1001487360,25C03AJAEA,03.03.25,8,UN,,226
P109,I93,930102055,1001487365,25C03AJAEB,03.03.25,8,UN,,226
P109,I93,930102055,1001487371,25C03AJAEC,03.03.25,8,UN,,226
P109,I93,930102055,1001487395,25C03AJAEE,03.03.25,8,UN,,226
P109,I93,930102055,1001487399,25C03AJAEF,03.03.25,8,UN,,226
P109,I93,930102055,1001487405,25C03AJAEG,03.03.25,8,UN,,226
P109,I93,930102055,1001487495,25C04AJAEA,04.03.25,8,UN,,225
P109,I93,930102055,1001487503,25C04AJAEB,04.03.25,8,UN,,225
P109,I93,930102055,1001487507,25C04AJAEC,04.03.25,8,UN,,225
P109,I93,930102055,1001487511,25C04AJAED,04.03.25,8,UN,,225
P109,I93,930102055,1001487515,25C04AJAEE,04.03.25,8,UN,,225
P109,I93,930102055,1001487520,25C04AJAEF,04.03.25,8,UN,,225
P109,I93,930102055,1001492112,25C06AJAEA,06.03.25,8,UN,,223
P109,I93,930102055,1001492127,25C06AJAEC,06.03.25,8,UN,,223
P109,I93,930102055,1001492132,25C06AJAED,06.03.25,8,UN,,223
P109,I93,930102055,1001492140,25C06AJAEE,06.03.25,8,UN,,223
P109,I93,930102055,1001492145,25C06AJAEF,06.03.25,8,UN,,223
P109,I93,930102055,1001492151,25C07AJAEA,07.03.25,8,UN,,222
P109,I93,930102055,1001492157,25C07AJAEB,07.03.25,8,UN,,222
P109,I93,930102055,1001492161,25C07AJAEC,07.03.25,8,UN,,222
P109,I93,930102055,1001492229,25C07AJAED,07.03.25,8,UN,,222
P109,I93,930102055,1001492236,25C07AJAEE,07.03.25,8,UN,,222
P109,I93,930102055,1001505692,25C21AJAEC,21.03.25,8,UN,,208
P109,I93,930102055,1001505704,25C21AJAEF,21.03.25,8,UN,,208
P109,I93,930102055,1001525959,25D08AJAEA,08.04.25,8,UN,,190
P109,I93,930102055,1001525961,25D07AJAEE,07.04.25,8,UN,,191
P109,I93,930102055,1001525963,25D07AJAED,07.04.25,8,UN,,191
P109,I93,930102055,1001525965,25D07AJAEC,07.04.25,8,UN,,191
P109,I93,930102055,1001525966,25D07AJAEB,07.04.25,8,UN,,191
P109,I93,930102055,1001525967,25D07AJAEA,07.04.25,8,UN,,191
P109,I93,930102055,1001525968,25D05AJAEE,05.04.25,8,UN,,193
P109,I93,930102055,1001525972,25D05AJAEC,05.04.25,8,UN,,193
P109,I93,930102055,1001525977,25D05AJAEB,05.04.25,8,UN,,193
P109,I93,930102055,1001525980,25D05AJAEA,05.04.25,8,UN,,193
P109,I93,920100670,1001613709,25J02GJNEA,02.10.25,8,UN,,13
P109,I93,920100670,1001613712,25J02GJNEB,02.10.25,8,UN,,13
P109,I93,920100670,1001613715,25J03GJNEA,03.10.25,8,UN,,12
P109,I93,920100670,1001613718,25J03GJNEB,03.10.25,8,UN,,12
P109,I93,920100670,1001613721,25J03GJNEC,03.10.25,8,UN,,12
P109,I93,920100670,1001613724,25J03GJNED,03.10.25,8,UN,,12
P109,I93,920100670,1001613728,25J03GJNEE,03.10.25,8,UN,,12
P109,I93,920100670,1001613732,25J04GJNEA,04.10.25,8,UN,,11
P109,I93,920100670,1001613736,25J04GJNEB,04.10.25,8,UN,,11
P109,I93,920100670,1001613741,25J04GJNEC,04.10.25,8,UN,,11
P109,I93,920100670,1001613746,25J04GJNED,04.10.25,8,UN,,11
P109,I93,920100670,1001613750,25J06GJNEA,06.10.25,8,UN,,9
P109,I93,920100670,1001613757,25J06GJNEB,06.10.25,8,UN,,9
P109,I93,920100670,1001613762,25J06GJNEC,06.10.25,8,UN,,9
P109,I93,920100670,1001614108,25J06GJNED,06.10.25,8,UN,,9
P109,I93,920100670,1001614116,25J06GJNEE,06.10.25,8,UN,,9
P109,I93,920100670,1001614219,25J07GJNEA,07.10.25,8,UN,,8
P109,I93,920100669,1001614223,25J07GJIEA,07.10.25,8,UN,,8
P109,I93,920100669,1001614230,25J07GJIEB,07.10.25,8,UN,,8
P109,I93,920100669,1001614809,25J07GJPEA,07.10.25,8,UN,,8
P109,I93,920100668,1001615547,25J10GJAEA,10.10.25,8,UN,,5
P109,I93,920100668,1001615550,25J10GJAEB,10.10.25,8,UN,,5
P109,I93,920100668,1001615557,25J10GJAEC,10.10.25,8,UN,,5
P109,I93,920100668,1001615561,25J10GJAED,10.10.25,8,UN,,5
P109,I93,920100668,1001615571,25J10GJAEE,10.10.25,8,UN,,5
P109,I93,920100668,1001615572,25J10GJAEF,10.10.25,8,UN,,5
P109,I93,920100668,1001615579,25J10GJAEG,10.10.25,8,UN,,5
P109,I93,920100668,1001615580,25J10GJAEH,10.10.25,8,UN,,5
P109,I93,920100668,1001615586,25J11GJAEA,11.10.25,8,UN,,4
P109,I93,920100668,1001615589,25J11GJAEB,11.10.25,8,UN,,4
P109,I93,920100668,1001615595,25J11GJAEC,11.10.25,8,UN,,4
P109,I93,920100668,1001615598,25J11GJAED,11.10.25,8,UN,,4
P109,I93,920100668,1001615604,25J11GJAEE,11.10.25,8,UN,,4
P109,I93,920100669,1001615641,25J13GJIEC,13.10.25,8,UN,,2
P109,I93,920100668,1001615822,25J08GJAEA,08.10.25,8,UN,,7
P109,I93,920100668,1001615830,25J08GJAEB,08.10.25,8,UN,,7
P109,I93,920100668,1001615834,25J09GJAEA,09.10.25,8,UN,,6
P109,I93,920100668,1001615842,25J09GJAEB,09.10.25,8,UN,,6
P109,I93,920100668,1001615853,25J09GJAEC,09.10.25,8,UN,,6
P109,I93,920100668,1001615857,25J09GJAED,09.10.25,8,UN,,6
P109,I93,920100668,1001615861,25J09GJAEE,09.10.25,8,UN,,6
P109,I93,920100668,1001615865,25J09GJAEF,09.10.25,8,UN,,6
P109,I93,920100668,1001615870,25J09GJAEG,09.10.25,8,UN,,6
P109,I93,920100668,1001615877,25J09GJAEH,09.10.25,8,UN,,6
P109,I93,930101927,1001324170,24C08FJALB,08.03.24,7,UN,,586
P109,I93,930101927,1001325714,24C11FJALD,11.03.24,7,UN,,583
P109,I93,930101928,1001327693,24C14FJHLJ,14.03.24,7,UN,,580
P109,I93,930101927,1001360141,24E06FJALA,06.05.24,7,UN,,527
P109,I93,930101926,1001476553,25B08FJNLC,08.02.25,7,UN,,249
P109,I93,930101927,1001324934,24C09FJALF,09.03.24,6,UN,,585
P109,I93,930101927,1001325698,24C11FJALF,11.03.24,6,UN,,583
P109,I93,930101927,1001325720,24C11FJALE,11.03.24,6,UN,,583
P109,I93,930101926,1001326365,24C12FJNLC,12.03.24,6,UN,,582
P109,I93,930101926,1001326427,24C12FJNLA,12.03.24,6,UN,,582
P109,I93,930101926,1001326438,24C12FJNLD,12.03.24,6,UN,,582
P109,I93,930101928,1001326831,24C13FJHLD,13.03.24,6,UN,,581
P109,I93,930101928,1001326848,24C13FJHLG,13.03.24,6,UN,,581
P109,I93,930101928,1001327311,24C14FJHLC,14.03.24,6,UN,,580
P109,I93,930101928,1001327335,24C14FJHLD,14.03.24,6,UN,,580
P109,I93,930101928,1001327342,24C14FJHLE,14.03.24,6,UN,,580
P109,I93,930101928,1001327354,24C14FJHLF,14.03.24,6,UN,,580
P109,I93,930101928,1001327696,24C14FJHLK,14.03.24,6,UN,,580
P109,I93,930101928,1001327746,24C15FJHLD,15.03.24,6,UN,,579
P109,I93,930101927,1001331288,24C11FJALA,11.03.24,6,UN,,583
P109,I93,930101926,1001331640,24C15FJNLD,15.03.24,6,UN,,579
P109,I93,930101926,1001332083,24C16FJNLC,16.03.24,6,UN,,578
P109,I93,930101927,1001332105,24C16FJALC,16.03.24,6,UN,,578
P109,I93,930101926,1001334275,24C15FJNLB,15.03.24,6,UN,,579
P109,I93,930101927,1001361526,24E06FJALD,06.05.24,6,UN,,527
P109,I93,930101927,1001362148,24E07FJALD,07.05.24,6,UN,,526
P109,I93,930101927,1001364976,24E09FJALD,09.05.24,6,UN,,524
P109,I93,930101926,1001391386,24G11FJNLA,11.07.24,6,UN,,461
P109,I93,930101926,1001391392,24G12FJNLD,12.07.24,6,UN,,460
P109,I93,930101928,1001476385,25B03FJHLB,03.02.25,6,UN,,254
P109,I93,930101928,1001476454,25B05FJHLB,05.02.25,6,UN,,252
P109,I93,930101926,1001476486,25B06FJNLB,06.02.25,6,UN,,251
P109,I93,930102055,1001487356,25C03AJAEA,03.03.25,6,UN,,226
P109,I93,930102055,1001487376,25C03AJAED,03.03.25,6,UN,,226
P109,I93,930102055,1001487397,25C03AJAEF,03.03.25,6,UN,,226
P109,I93,930102055,1001487445,25C04AJAEA,04.03.25,6,UN,,225
P109,I93,930102055,1001492125,25C06AJAEC,06.03.25,6,UN,,223
P109,I93,930102055,1001499399,25C14AJAEB,14.03.25,6,UN,,215
P109,I93,930102055,1001500905,25C17AJAEB,17.03.25,6,UN,,212
P109,I93,930102055,1001504529,25C20AJAED,20.03.25,6,UN,,209
P109,I93,930102055,1001515748,25C29AJAEA,29.03.25,6,UN,,200
P109,I93,930102055,1001522125,25D03AJAEB,03.04.25,6,UN,,195
P109,I93,930102055,1001522130,25D03AJAEC,03.04.25,6,UN,,195
P109,I93,930102055,1001523333,25D05AJAED,05.04.25,6,UN,,193
P109,I93,920100670,1001613708,25J02GJNEA,02.10.25,6,UN,,13
P109,I93,920100670,1001613711,25J02GJNEB,02.10.25,6,UN,,13
P109,I93,920100670,1001613717,25J03GJNEB,03.10.25,6,UN,,12
P109,I93,920100670,1001613720,25J03GJNEC,03.10.25,6,UN,,12
P109,I93,920100670,1001613723,25J03GJNED,03.10.25,6,UN,,12
P109,I93,920100670,1001613735,25J04GJNEB,04.10.25,6,UN,,11
P109,I93,920100670,1001613740,25J04GJNEC,04.10.25,6,UN,,11
P109,I93,920100669,1001614248,25J07GJIEC,07.10.25,6,UN,,8
P109,I93,920100669,1001614525,25J08GJIED,08.10.25,6,UN,,7
P109,I93,920100668,1001615548,25J10GJAEB,10.10.25,6,UN,,5
P109,I93,920100668,1001615570,25J10GJAEF,10.10.25,6,UN,,5
P109,I93,920100668,1001615577,25J10GJAEG,10.10.25,6,UN,,5
P109,I93,920100668,1001615597,25J11GJAED,11.10.25,6,UN,,4
P109,I93,920100668,1001615603,25J11GJAEE,11.10.25,6,UN,,4
P109,I93,920100669,1001615625,25J13GJIEA,13.10.25,6,UN,,2
P109,I93,920100668,1001615855,25J09GJAED,09.10.25,6,UN,,6
P109,I93,920100668,1001615860,25J09GJAEE,09.10.25,6,UN,,6
P109,I93,930101927,1001324164,24C08FJALA,08.03.24,5,UN,,586
P109,I93,930101927,1001324172,24C08FJALB,08.03.24,5,UN,,586
P109,I93,930101927,1001324177,24C08FJALC,08.03.24,5,UN,,586
P109,I93,930101927,1001324179,24C08FJALC,08.03.24,5,UN,,586
P109,I93,930101927,1001324188,24C08FJALD,08.03.24,5,UN,,586
P109,I93,930101927,1001324901,24C09FJALA,09.03.24,5,UN,,585
P109,I93,930101927,1001324909,24C09FJALB,09.03.24,5,UN,,585
P109,I93,930101927,1001324921,24C09FJALC,09.03.24,5,UN,,585
P109,I93,930101927,1001324927,24C09FJALD,09.03.24,5,UN,,585
P109,I93,930101927,1001324931,24C09FJALE,09.03.24,5,UN,,585
P109,I93,930101927,1001324936,24C09FJALF,09.03.24,5,UN,,585
P109,I93,930101927,1001324943,24C09FJALG,09.03.24,5,UN,,585
P109,I93,930101927,1001325701,24C11FJALF,11.03.24,5,UN,,583
P109,I93,930101927,1001325704,24C11FJALB,11.03.24,5,UN,,583
P109,I93,930101927,1001325709,24C11FJALC,11.03.24,5,UN,,583
P109,I93,930101927,1001325716,24C11FJALD,11.03.24,5,UN,,583
P109,I93,930101927,1001325723,24C11FJALE,11.03.24,5,UN,,583
P109,I93,930101927,1001326361,24C12FJALA,12.03.24,5,UN,,582
P109,I93,930101926,1001326368,24C12FJNLC,12.03.24,5,UN,,582
P109,I93,930101926,1001326429,24C12FJNLA,12.03.24,5,UN,,582
P109,I93,930101926,1001326435,24C12FJNLB,12.03.24,5,UN,,582
P109,I93,930101926,1001326440,24C12FJNLD,12.03.24,5,UN,,582
P109,I93,930101926,1001326446,24C12FJNLE,12.03.24,5,UN,,582
P109,I93,930101926,1001326453,24C12FJNLF,12.03.24,5,UN,,582
P109,I93,930101928,1001326814,24C13FJHLA,13.03.24,5,UN,,581
P109,I93,930101928,1001326820,24C13FJHLB,13.03.24,5,UN,,581
P109,I93,930101928,1001326828,24C13FJHLC,13.03.24,5,UN,,581
P109,I93,930101928,1001326833,24C13FJHLD,13.03.24,5,UN,,581
P109,I93,930101928,1001326838,24C13FJHLE,13.03.24,5,UN,,581
P109,I93,930101928,1001326844,24C13FJHLF,13.03.24,5,UN,,581
P109,I93,930101928,1001326850,24C13FJHLG,13.03.24,5,UN,,581
P109,I93,930101928,1001326864,24C13FJHLI,13.03.24,5,UN,,581
P109,I93,930101926,1001326870,24C13FJNLA,13.03.24,5,UN,,581
P109,I93,930101928,1001327302,24C14FJHLA,14.03.24,5,UN,,580
P109,I93,930101928,1001327308,24C14FJHLB,14.03.24,5,UN,,580
P109,I93,930101928,1001327313,24C14FJHLC,14.03.24,5,UN,,580
P109,I93,930101928,1001327337,24C14FJHLD,14.03.24,5,UN,,580
P109,I93,930101928,1001327344,24C14FJHLE,14.03.24,5,UN,,580
P109,I93,930101928,1001327357,24C14FJHLF,14.03.24,5,UN,,580
P109,I93,930101928,1001327657,24C14FJHLG,14.03.24,5,UN,,580
P109,I93,930101928,1001327688,24C14FJHLI,14.03.24,5,UN,,580
P109,I93,930101928,1001327699,24C14FJHLK,14.03.24,5,UN,,580
P109,I93,930101928,1001327724,24C15FJHLA,15.03.24,5,UN,,579
P109,I93,930101928,1001327729,24C15FJHLB,15.03.24,5,UN,,579
P109,I93,930101928,1001327737,24C15FJHLC,15.03.24,5,UN,,579
P109,I93,930101928,1001327747,24C15FJHLD,15.03.24,5,UN,,579
P109,I93,930101926,1001331213,24C15FJNLC,15.03.24,5,UN,,579
P109,I93,930101927,1001331290,24C11FJALA,11.03.24,5,UN,,583
P109,I93,930101926,1001331642,24C15FJNLD,15.03.24,5,UN,,579
P109,I93,930101926,1001332072,24C16FJNLA,16.03.24,5,UN,,578
P109,I93,930101926,1001332078,24C16FJNLB,16.03.24,5,UN,,578
P109,I93,930101926,1001332085,24C16FJNLC,16.03.24,5,UN,,578
P109,I93,930101926,1001332089,24C16FJNLD,16.03.24,5,UN,,578
P109,I93,930101926,1001332093,24C16FJNLE,16.03.24,5,UN,,578
P109,I93,930101927,1001332100,24C16FJALB,16.03.24,5,UN,,578
P109,I93,930101927,1001332107,24C16FJALC,16.03.24,5,UN,,578
P109,I93,930101926,1001334266,24C15FJNLA,15.03.24,5,UN,,579
P109,I93,930101927,1001334269,24C16FJALA,16.03.24,5,UN,,578
P109,I93,930101926,1001334277,24C15FJNLB,15.03.24,5,UN,,579
P109,I93,930101927,1001360143,24E06FJALA,06.05.24,5,UN,,527
P109,I93,930101927,1001361511,24E07FJALA,07.05.24,5,UN,,526
P109,I93,930101927,1001361528,24E06FJALD,06.05.24,5,UN,,527
P109,I93,930101927,1001361533,24E06FJALC,06.05.24,5,UN,,527
P109,I93,930101927,1001361540,24E06FJALB,06.05.24,5,UN,,527
P109,I93,930101927,1001361725,24E07FJALB,07.05.24,5,UN,,526
P109,I93,930101927,1001361824,24E07FJALC,07.05.24,5,UN,,526
P109,I93,930101927,1001362151,24E07FJALD,07.05.24,5,UN,,526
P109,I93,930101927,1001362761,24E08FJALA,08.05.24,5,UN,,525
P109,I93,930101927,1001362809,24E08FJALB,08.05.24,5,UN,,525
P109,I93,930101927,1001363303,24E08FJALE,08.05.24,5,UN,,525
P109,I93,930101927,1001364978,24E09FJALD,09.05.24,5,UN,,524
P109,I93,930101926,1001380063,24F01FJNLA,01.06.24,5,UN,,501
P109,I93,930101926,1001380069,24F01FJNLB,01.06.24,5,UN,,501
P109,I93,930101926,1001383748,24F17FJNLA,17.06.24,5,UN,,485
P109,I93,930101926,1001383751,24F17FJNLB,17.06.24,5,UN,,485
P109,I93,930101926,1001383753,24F17FJNLC,17.06.24,5,UN,,485
P109,I93,930101926,1001383768,24F18FJNLA,18.06.24,5,UN,,484
P109,I93,930101926,1001383931,24F19FJNLE,19.06.24,5,UN,,483
P109,I93,930101928,1001384997,24C13FJHLH,13.03.24,5,UN,,581
P109,I93,930101926,1001391388,24G11FJNLA,11.07.24,5,UN,,461
P109,I93,930101926,1001391391,24G12FJNLC,12.07.24,5,UN,,460
P109,I93,930101926,1001391394,24G12FJNLD,12.07.24,5,UN,,460
P109,I93,930101926,1001391397,24G12FJNLE,12.07.24,5,UN,,460
P109,I93,930101926,1001435722,25A06FJNLC,06.01.25,5,UN,,282
P109,I93,930101926,1001435816,25A06FJNLA,06.01.25,5,UN,,282
P109,I93,930101926,1001435829,25A06FJNLB,06.01.25,5,UN,,282
P109,I93,930101926,1001435836,25A07FJNLA,07.01.25,5,UN,,281
P109,I93,930101926,1001435840,25A07FJNLB,07.01.25,5,UN,,281
P109,I93,930101928,1001476346,25B01FJHLA,01.02.25,5,UN,,256
P109,I93,930101928,1001476351,25B01FJHLB,01.02.25,5,UN,,256
P109,I93,930101928,1001476367,25B01FJHLD,01.02.25,5,UN,,256
P109,I93,930101928,1001476376,25B01FJHLE,01.02.25,5,UN,,256
P109,I93,930101928,1001476381,25B03FJHLA,03.02.25,5,UN,,254
P109,I93,930101928,1001476386,25B03FJHLB,03.02.25,5,UN,,254
P109,I93,930101928,1001476393,25B03FJHLC,03.02.25,5,UN,,254
P109,I93,930101928,1001476399,25B03FJHLD,03.02.25,5,UN,,254
P109,I93,930101928,1001476405,25B03FJHLE,03.02.25,5,UN,,254
P109,I93,930101928,1001476410,25B03FJHLF,03.02.25,5,UN,,254
P109,I93,930101928,1001476415,25B04FJHLA,04.02.25,5,UN,,253
P109,I93,930101928,1001476421,25B04FJHLB,04.02.25,5,UN,,253
P109,I93,930101928,1001476428,25B04FJHLC,04.02.25,5,UN,,253
P109,I93,930101928,1001476434,25B04FJHLD,04.02.25,5,UN,,253
P109,I93,930101928,1001476439,25B04FJHLE,04.02.25,5,UN,,253
P109,I93,930101928,1001476445,25B04FJHLF,04.02.25,5,UN,,253
P109,I93,930101928,1001476450,25B05FJHLA,05.02.25,5,UN,,252
P109,I93,930101928,1001476456,25B05FJHLB,05.02.25,5,UN,,252
P109,I93,930101926,1001476459,25B05FJNLA,05.02.25,5,UN,,252
P109,I93,930101926,1001476467,25B05FJNLB,05.02.25,5,UN,,252
P109,I93,930101926,1001476475,25B05FJNLC,05.02.25,5,UN,,252
P109,I93,930101926,1001476480,25B05FJNLD,05.02.25,5,UN,,252
P109,I93,930101926,1001476484,25B06FJNLA,06.02.25,5,UN,,251
P109,I93,930101926,1001476487,25B06FJNLB,06.02.25,5,UN,,251
P109,I93,930101926,1001476491,25B06FJNLC,06.02.25,5,UN,,251
P109,I93,930101926,1001476495,25B06FJNLD,06.02.25,5,UN,,251
P109,I93,930101926,1001476501,25B06FJNLE,06.02.25,5,UN,,251
P109,I93,930101926,1001476507,25B07FJNLA,07.02.25,5,UN,,250
P109,I93,930101926,1001476512,25B07FJNLB,07.02.25,5,UN,,250
P109,I93,930101926,1001476518,25B07FJNLC,07.02.25,5,UN,,250
P109,I93,930101926,1001476523,25B07FJNLD,07.02.25,5,UN,,250
P109,I93,930101926,1001476527,25B07FJNLE,07.02.25,5,UN,,250
P109,I93,930101926,1001476532,25B07FJNLF,07.02.25,5,UN,,250
P109,I93,930101926,1001476538,25B07FJNLG,07.02.25,5,UN,,250
P109,I93,930101926,1001476543,25B08FJNLA,08.02.25,5,UN,,249
P109,I93,930101926,1001476548,25B08FJNLB,08.02.25,5,UN,,249
P109,I93,930101926,1001476554,25B08FJNLC,08.02.25,5,UN,,249
P109,I93,930101926,1001476559,25B08FJNLD,08.02.25,5,UN,,249
P109,I93,930102055,1001487359,25C03AJAEA,03.03.25,5,UN,,226
P109,I93,930102055,1001487364,25C03AJAEB,03.03.25,5,UN,,226
P109,I93,930102055,1001487370,25C03AJAEC,03.03.25,5,UN,,226
P109,I93,930102055,1001487378,25C03AJAED,03.03.25,5,UN,,226
P109,I93,930102055,1001487380,25C03AJAED,03.03.25,5,UN,,226
P109,I93,930102055,1001487394,25C03AJAEE,03.03.25,5,UN,,226
P109,I93,930102055,1001487398,25C03AJAEF,03.03.25,5,UN,,226
P109,I93,930102055,1001487404,25C03AJAEG,03.03.25,5,UN,,226
P109,I93,930102055,1001487490,25C04AJAEA,04.03.25,5,UN,,225
P109,I93,930102055,1001487502,25C04AJAEB,04.03.25,5,UN,,225
P109,I93,930102055,1001487506,25C04AJAEC,04.03.25,5,UN,,225
P109,I93,930102055,1001487510,25C04AJAED,04.03.25,5,UN,,225
P109,I93,930102055,1001487514,25C04AJAEE,04.03.25,5,UN,,225
P109,I93,930102055,1001487519,25C04AJAEF,04.03.25,5,UN,,225
P109,I93,930102055,1001492113,25C06AJAEA,06.03.25,5,UN,,223
P109,I93,930102055,1001492122,25C06AJAEB,06.03.25,5,UN,,223
P109,I93,930102055,1001492126,25C06AJAEC,06.03.25,5,UN,,223
P109,I93,930102055,1001492133,25C06AJAED,06.03.25,5,UN,,223
P109,I93,930102055,1001492141,25C06AJAEE,06.03.25,5,UN,,223
P109,I93,930102055,1001492146,25C06AJAEF,06.03.25,5,UN,,223
P109,I93,930102055,1001492152,25C07AJAEA,07.03.25,5,UN,,222
P109,I93,930102055,1001492158,25C07AJAEB,07.03.25,5,UN,,222
P109,I93,930102055,1001492162,25C07AJAEC,07.03.25,5,UN,,222
P109,I93,930102055,1001492231,25C07AJAED,07.03.25,5,UN,,222
P109,I93,930102055,1001492237,25C07AJAEE,07.03.25,5,UN,,222
P109,I93,930102055,1001499396,25C14AJAEA,14.03.25,5,UN,,215
P109,I93,930102055,1001499400,25C14AJAEB,14.03.25,5,UN,,215
P109,I93,930102055,1001499427,25C14AJAEC,14.03.25,5,UN,,215
P109,I93,930102055,1001499458,25C14AJAED,14.03.25,5,UN,,215
P109,I93,930102055,1001499508,25C14AJAEE,14.03.25,5,UN,,215
P109,I93,930102055,1001500858,25C15AJAEA,15.03.25,5,UN,,214
P109,I93,930102055,1001500890,25C15AJAEC,15.03.25,5,UN,,214
P109,I93,930102055,1001500901,25C17AJAEA,17.03.25,5,UN,,212
P109,I93,930102055,1001500907,25C17AJAEB,17.03.25,5,UN,,212
P109,I93,930102055,1001502323,25C15AJAEB,15.03.25,5,UN,,214
P109,I93,930102055,1001502329,25C17AJAEC,17.03.25,5,UN,,212
P109,I93,930102055,1001502336,25C17AJAED,17.03.25,5,UN,,212
P109,I93,930102055,1001502346,25C18AJAEA,18.03.25,5,UN,,211
P109,I93,930102055,1001502348,25C18AJAEB,18.03.25,5,UN,,211
P109,I93,930102055,1001503361,25C18AJAEC,18.03.25,5,UN,,211
P109,I93,930102055,1001503368,25C18AJAED,18.03.25,5,UN,,211
P109,I93,930102055,1001503373,25C18AJAEE,18.03.25,5,UN,,211
P109,I93,930102055,1001503381,25C19AJAEA,19.03.25,5,UN,,210
P109,I93,930102055,1001503755,25C19AJAEB,19.03.25,5,UN,,210
P109,I93,930102055,1001504253,25C19AJAEC,19.03.25,5,UN,,210
P109,I93,930102055,1001504259,25C20AJAEA,20.03.25,5,UN,,209
P109,I93,930102055,1001504522,25C20AJAEC,20.03.25,5,UN,,209
P109,I93,930102055,1001504534,25C20AJAED,20.03.25,5,UN,,209
P109,I93,930102055,1001504560,25C20AJAEE,20.03.25,5,UN,,209
P109,I93,930102055,1001505680,25C21AJAEA,21.03.25,5,UN,,208
P109,I93,930102055,1001505686,25C21AJAEB,21.03.25,5,UN,,208
P109,I93,930102055,1001505696,25C21AJAED,21.03.25,5,UN,,208
P109,I93,930102055,1001505700,25C21AJAEE,21.03.25,5,UN,,208
P109,I93,930102055,1001507696,25C20AJAEB,20.03.25,5,UN,,209
P109,I93,930102055,1001507700,25C21AJAEC,21.03.25,5,UN,,208
P109,I93,930102055,1001507753,25C21AJAEG,21.03.25,5,UN,,208
P109,I93,930102055,1001512067,25C26AJAEA,26.03.25,5,UN,,203
P109,I93,930102055,1001512070,25C26AJAEB,26.03.25,5,UN,,203
P109,I93,930102055,1001512081,25C26AJAEC,26.03.25,5,UN,,203
P109,I93,930102055,1001512083,25C26AJAED,26.03.25,5,UN,,203
P109,I93,930102055,1001515745,25C31AJAEA,31.03.25,5,UN,,198
P109,I93,930102055,1001515909,25C29AJAEB,29.03.25,5,UN,,200
P109,I93,930102055,1001516052,25C29AJAED,29.03.25,5,UN,,200
P109,I93,930102055,1001516098,25C29AJAEE,29.03.25,5,UN,,200
P109,I93,930102055,1001516663,25C31AJAED,31.03.25,5,UN,,198
P109,I93,930102055,1001516666,25C31AJAEB,31.03.25,5,UN,,198
P109,I93,930102055,1001516668,25C31AJAEC,31.03.25,5,UN,,198
P109,I93,930102055,1001516675,25C31AJAEE,31.03.25,5,UN,,198
P109,I93,930102055,1001519490,25D02AJAEC,02.04.25,5,UN,,196
P109,I93,930102055,1001522121,25D03AJAEA,03.04.25,5,UN,,195
P109,I93,930102055,1001522126,25D03AJAEB,03.04.25,5,UN,,195
P109,I93,930102055,1001522131,25D03AJAEC,03.04.25,5,UN,,195
P109,I93,930102055,1001522138,25D03AJAED,03.04.25,5,UN,,195
P109,I93,930102055,1001522155,25D03AJAEE,03.04.25,5,UN,,195
P109,I93,930102055,1001522432,25D04AJAEC,04.04.25,5,UN,,194
P109,I93,930102055,1001522445,25D04AJAEA,04.04.25,5,UN,,194
P109,I93,930102055,1001522465,25D04AJAEB,04.04.25,5,UN,,194
P109,I93,930102055,1001523334,25D05AJAED,05.04.25,5,UN,,193
P109,I93,930102055,1001524256,25D05AJAEE,05.04.25,5,UN,,193
P109,I93,930102055,1001524268,25D07AJAEA,07.04.25,5,UN,,191
P109,I93,930102055,1001524276,25D07AJAEB,07.04.25,5,UN,,191
P109,I93,930102055,1001524330,25D07AJAEC,07.04.25,5,UN,,191
P109,I93,930102055,1001525661,25D08AJAEA,08.04.25,5,UN,,190
P109,I93,930102055,1001525666,25D07AJAEE,07.04.25,5,UN,,191
P109,I93,930102055,1001525670,25D07AJAED,07.04.25,5,UN,,191
P109,I93,930102055,1001525973,25D05AJAEC,05.04.25,5,UN,,193
P109,I93,930102055,1001525978,25D05AJAEB,05.04.25,5,UN,,193
P109,I93,930102055,1001525981,25D05AJAEA,05.04.25,5,UN,,193
P109,I93,930102055,1001545735,25D01AJAEA,01.04.25,5,UN,,197
P109,I93,930102055,1001545782,25D01AJAEB,01.04.25,5,UN,,197
P109,I93,930102055,1001545870,25D01AJAEC,01.04.25,5,UN,,197
P109,I93,930102055,1001545873,25D01AJAED,01.04.25,5,UN,,197
P109,I93,930102055,1001545903,25D02AJAEA,02.04.25,5,UN,,196
P109,I93,930102055,1001545906,25D02AJAEB,02.04.25,5,UN,,196
P109,I93,920100670,1001613710,25J02GJNEA,02.10.25,5,UN,,13
P109,I93,920100670,1001613713,25J02GJNEB,02.10.25,5,UN,,13
P109,I93,920100670,1001613716,25J03GJNEA,03.10.25,5,UN,,12
P109,I93,920100670,1001613719,25J03GJNEB,03.10.25,5,UN,,12
P109,I93,920100670,1001613722,25J03GJNEC,03.10.25,5,UN,,12
P109,I93,920100670,1001613725,25J03GJNED,03.10.25,5,UN,,12
P109,I93,920100670,1001613727,25J03GJNEE,03.10.25,5,UN,,12
P109,I93,920100670,1001613733,25J04GJNEA,04.10.25,5,UN,,11
P109,I93,920100670,1001613737,25J04GJNEB,04.10.25,5,UN,,11
P109,I93,920100670,1001613742,25J04GJNEC,04.10.25,5,UN,,11
P109,I93,920100670,1001613747,25J04GJNED,04.10.25,5,UN,,11
P109,I93,920100670,1001613751,25J06GJNEA,06.10.25,5,UN,,9
P109,I93,920100670,1001613758,25J06GJNEB,06.10.25,5,UN,,9
P109,I93,920100670,1001613763,25J06GJNEC,06.10.25,5,UN,,9
P109,I93,920100670,1001614114,25J06GJNED,06.10.25,5,UN,,9
P109,I93,920100670,1001614117,25J06GJNEE,06.10.25,5,UN,,9
P109,I93,920100670,1001614220,25J07GJNEA,07.10.25,5,UN,,8
P109,I93,920100669,1001614224,25J07GJIEA,07.10.25,5,UN,,8
P109,I93,920100669,1001614231,25J07GJIEB,07.10.25,5,UN,,8
P109,I93,920100669,1001614250,25J07GJIEC,07.10.25,5,UN,,8
P109,I93,920100669,1001614257,25J07GJIED,07.10.25,5,UN,,8
P109,I93,920100669,1001614512,25J08GJIEA,08.10.25,5,UN,,7
P109,I93,920100669,1001614518,25J08GJIEB,08.10.25,5,UN,,7
P109,I93,920100669,1001614523,25J08GJIEC,08.10.25,5,UN,,7
P109,I93,920100669,1001614527,25J08GJIED,08.10.25,5,UN,,7
P109,I93,920100669,1001614810,25J07GJPEA,07.10.25,5,UN,,8
P109,I93,920100668,1001615549,25J10GJAEA,10.10.25,5,UN,,5
P109,I93,920100668,1001615551,25J10GJAEB,10.10.25,5,UN,,5
P109,I93,920100668,1001615559,25J10GJAEC,10.10.25,5,UN,,5
P109,I93,920100668,1001615562,25J10GJAED,10.10.25,5,UN,,5
P109,I93,920100668,1001615573,25J10GJAEE,10.10.25,5,UN,,5
P109,I93,920100668,1001615574,25J10GJAEF,10.10.25,5,UN,,5
P109,I93,920100668,1001615581,25J10GJAEG,10.10.25,5,UN,,5
P109,I93,920100668,1001615582,25J10GJAEH,10.10.25,5,UN,,5
P109,I93,920100668,1001615588,25J11GJAEA,11.10.25,5,UN,,4
P109,I93,920100668,1001615590,25J11GJAEB,11.10.25,5,UN,,4
P109,I93,920100668,1001615596,25J11GJAEC,11.10.25,5,UN,,4
P109,I93,920100668,1001615599,25J11GJAED,11.10.25,5,UN,,4
P109,I93,920100668,1001615605,25J11GJAEE,11.10.25,5,UN,,4
P109,I93,920100669,1001615615,25J11GJIEA,11.10.25,5,UN,,4
P109,I93,920100669,1001615621,25J11GJIEC,11.10.25,5,UN,,4
P109,I93,920100669,1001615623,25J11GJIEB,11.10.25,5,UN,,4
P109,I93,920100669,1001615627,25J13GJIEA,13.10.25,5,UN,,2
P109,I93,920100669,1001615637,25J13GJIEB,13.10.25,5,UN,,2
P109,I93,920100669,1001615642,25J13GJIEC,13.10.25,5,UN,,2
P109,I93,920100668,1001615823,25J08GJAEA,08.10.25,5,UN,,7
P109,I93,920100668,1001615831,25J08GJAEB,08.10.25,5,UN,,7
P109,I93,920100668,1001615835,25J09GJAEA,09.10.25,5,UN,,6
P109,I93,920100668,1001615843,25J09GJAEB,09.10.25,5,UN,,6
P109,I93,920100668,1001615854,25J09GJAEC,09.10.25,5,UN,,6
P109,I93,920100668,1001615858,25J09GJAED,09.10.25,5,UN,,6
P109,I93,920100668,1001615862,25J09GJAEE,09.10.25,5,UN,,6
P109,I93,920100668,1001615866,25J09GJAEF,09.10.25,5,UN,,6
P109,I93,920100668,1001615871,25J09GJAEG,09.10.25,5,UN,,6
P109,I93,920100668,1001615878,25J09GJAEH,09.10.25,5,UN,,6
P109,I93,930101927,1001324917,24C09FJALC,09.03.24,4,UN,,585
P109,I93,930101927,1001324929,24C09FJALE,09.03.24,4,UN,,585
P109,I93,930101928,1001326842,24C13FJHLF,13.03.24,4,UN,,581
P109,I93,930101927,1001363308,24E08FJALD,08.05.24,4,UN,,525
P109,I93,930101926,1001435835,25A07FJNLA,07.01.25,4,UN,,281
P109,I93,930101926,1001476466,25B05FJNLB,05.02.25,4,UN,,252
P109,I93,930101926,1001476547,25B08FJNLB,08.02.25,4,UN,,249
P109,I93,930102055,1001516667,25C31AJAEC,31.03.25,4,UN,,198
P109,I93,930101927,1001324159,24C08FJALA,08.03.24,3,UN,,586
P109,I93,930101927,1001325702,24C11FJALB,11.03.24,3,UN,,583
P109,I93,930101927,1001326359,24C12FJALA,12.03.24,3,UN,,582
P109,I93,930101926,1001326433,24C12FJNLB,12.03.24,3,UN,,582
P109,I93,930101926,1001326444,24C12FJNLE,12.03.24,3,UN,,582
P109,I93,930101928,1001326826,24C13FJHLC,13.03.24,3,UN,,581
P109,I93,930101928,1001326836,24C13FJHLE,13.03.24,3,UN,,581
P109,I93,930101928,1001326860,24C13FJHLI,13.03.24,3,UN,,581
P109,I93,930101926,1001326868,24C13FJNLA,13.03.24,3,UN,,581
P109,I93,930101928,1001327299,24C14FJHLA,14.03.24,3,UN,,580
P109,I93,930101928,1001327306,24C14FJHLB,14.03.24,3,UN,,580
P109,I93,930101928,1001327722,24C15FJHLA,15.03.24,3,UN,,579
P109,I93,930101926,1001332070,24C16FJNLA,16.03.24,3,UN,,578
P109,I93,930101926,1001332076,24C16FJNLB,16.03.24,3,UN,,578
P109,I93,930101926,1001332087,24C16FJNLD,16.03.24,3,UN,,578
P109,I93,930101926,1001332091,24C16FJNLE,16.03.24,3,UN,,578
P109,I93,930101927,1001332095,24C16FJALA,16.03.24,3,UN,,578
P109,I93,930101927,1001332098,24C16FJALB,16.03.24,3,UN,,578
P109,I93,930101927,1001361509,24E07FJALA,07.05.24,3,UN,,526
P109,I93,930101927,1001361822,24E07FJALC,07.05.24,3,UN,,526
P109,I93,930101926,1001435830,25A06FJNLB,06.01.25,3,UN,,282
P109,I93,930101928,1001476427,25B04FJHLC,04.02.25,3,UN,,253
P109,I93,930101926,1001476506,25B07FJNLA,07.02.25,3,UN,,250
P109,I93,930102055,1001492115,25C06AJAEA,06.03.25,3,UN,,223
P109,I93,930102055,1001505684,25C21AJAEB,21.03.25,3,UN,,208
P109,I93,930102055,1001512080,25C26AJAEC,26.03.25,3,UN,,203
P109,I93,930102055,1001516046,25C29AJAEC,29.03.25,3,UN,,200
P109,I93,920100670,1001613749,25J06GJNEA,06.10.25,3,UN,,9
P109,I93,920100668,1001615545,25J10GJAEA,10.10.25,3,UN,,5
P109,I93,920100668,1001615584,25J11GJAEA,11.10.25,3,UN,,4
P109,I93,920100668,1001615833,25J09GJAEA,09.10.25,3,UN,,6
P109,I93,920100668,1001615864,25J09GJAEF,09.10.25,3,UN,,6
P109,I93,930101927,1001324899,24C09FJALA,09.03.24,2,UN,,585
P109,I93,930101928,1001327686,24C14FJHLI,14.03.24,2,UN,,580
P109,I93,930101927,1001363301,24E08FJALE,08.05.24,2,UN,,525
P109,I93,930101926,1001383752,24F17FJNLB,17.06.24,2,UN,,485
P109,I93,930101926,1001383929,24F19FJNLE,19.06.24,2,UN,,483
P109,I93,930101977,1001395933,24G23JJHLA,23.07.24,2,UN,,449
P109,I93,930101928,1001476345,25B01FJHLA,01.02.25,2,UN,,256
P109,I93,930101926,1001476458,25B05FJNLA,05.02.25,2,UN,,252
P109,I93,930102055,1001492123,25C06AJAEB,06.03.25,2,UN,,223
P109,I93,930101927,1001324925,24C09FJALD,09.03.24,1,UN,,585
P109,I93,930101928,1001326812,24C13FJHLA,13.03.24,1,UN,,581
P109,I93,930101928,1001327655,24C14FJHLG,14.03.24,1,UN,,580
P109,I93,930101928,1001327727,24C15FJHLB,15.03.24,1,UN,,579
P109,I93,930101928,1001369886,24E13FJHLC,13.05.24,1,UN,,520
P109,I93,930101926,1001383746,24F17FJNLA,17.06.24,1,UN,,485
P109,I93,930101928,1001476403,25B03FJHLE,03.02.25,1,UN,,254
P109,I93,930101926,1001476531,25B07FJNLF,07.02.25,1,UN,,250
,,*MIX*,1001389369,,,0,,,
,,*MIX*,1001389372,,,0,,,
,,*MIX*,1001389376,,,0,,,
,,*MIX*,1001389377,,,0,,,
,,*MIX*,1001392856,,,0,,,
,,,,,,354931,UN,,
